{"stats":{"minecraft:picked_up":{"minecraft:crafting_table":1,"minecraft:cooked_beef":7,"minecraft:andesite":5,"minecraft:leather":3,"minecraft:wooden_pickaxe":1,"minecraft:flint":2,"minecraft:oak_log":26,"minecraft:dirt":12,"minecraft:raw_copper":66,"minecraft:cooked_mutton":5,"minecraft:wheat_seeds":2,"minecraft:stone_pickaxe":1,"minecraft:chest":1,"minecraft:oak_planks":31,"minecraft:furnace":1,"minecraft:stick":2,"minecraft:raw_iron":41,"kobemod:metal_detector":2,"minecraft:cooked_porkchop":2,"minecraft:gravel":14,"minecraft:white_bed":1,"kobemod:sapphire":4,"minecraft:gray_wool":1,"minecraft:black_wool":1,"minecraft:mutton":3,"minecraft:coal":111,"minecraft:white_wool":7,"minecraft:cobblestone":311},"minecraft:mined":{"minecraft:white_bed":1,"minecraft:crafting_table":2,"minecraft:grass_block":1,"minecraft:chest":1,"minecraft:copper_ore":9,"minecraft:cobblestone":14,"minecraft:oak_planks":1,"minecraft:furnace":1,"minecraft:iron_ore":41,"minecraft:fire":17,"minecraft:andesite":5,"minecraft:grass":6,"minecraft:oak_log":26,"minecraft:coal_ore":81,"minecraft:gravel":16,"minecraft:dirt":8,"minecraft:stone":306,"minecraft:oak_leaves":4},"minecraft:custom":{"minecraft:interact_with_furnace":17,"minecraft:mob_kills":12,"minecraft:interact_with_crafting_table":24,"minecraft:leave_game":5,"minecraft:time_since_death":31025,"minecraft:sleep_in_bed":3,"minecraft:time_since_rest":12422,"minecraft:sprint_one_cm":77738,"minecraft:damage_taken":40,"minecraft:walk_one_cm":133060,"minecraft:drop":9,"minecraft:damage_dealt":730,"minecraft:swim_one_cm":566,"minecraft:fly_one_cm":125268,"minecraft:open_chest":14,"minecraft:crouch_one_cm":6720,"minecraft:play_time":53412,"minecraft:deaths":1,"minecraft:sneak_time":3753,"minecraft:walk_under_water_one_cm":1304,"minecraft:jump":828,"minecraft:walk_on_water_one_cm":300,"minecraft:total_world_time":59292,"minecraft:fall_one_cm":17559},"minecraft:killed":{"minecraft:pig":1,"minecraft:sheep":7,"minecraft:cow":3},"minecraft:broken":{"minecraft:iron_pickaxe":1},"minecraft:dropped":{"minecraft:oak_planks":30,"kobemod:sapphire":5,"kobemod:metal_detector":3},"minecraft:used":{"minecraft:cooked_mutton":3,"minecraft:water_bucket":5,"minecraft:flint_and_steel":15,"minecraft:stone_pickaxe":114,"minecraft:oak_planks":2,"minecraft:chest":2,"minecraft:wooden_pickaxe":25,"minecraft:iron_sword":10,"minecraft:oak_door":2,"minecraft:torch":2,"minecraft:crafting_table":3,"minecraft:white_bed":2,"minecraft:lava_bucket":31,"kobemod:metal_detector":23,"minecraft:iron_axe":16,"minecraft:iron_pickaxe":334,"minecraft:gravel":11,"minecraft:stone_axe":23,"minecraft:cobblestone":239,"minecraft:furnace":2,"minecraft:bucket":21},"minecraft:crafted":{"minecraft:oak_door":3,"minecraft:oak_planks":64,"minecraft:crafting_table":2,"minecraft:wooden_pickaxe":1,"minecraft:iron_sword":1,"minecraft:furnace":1,"minecraft:bucket":1,"minecraft:stone_axe":1,"minecraft:cooked_mutton":1,"minecraft:air":0,"minecraft:iron_axe":1,"minecraft:stick":16,"minecraft:iron_ingot":41,"minecraft:iron_pickaxe":2,"minecraft:stone_pickaxe":1,"minecraft:stone_sword":1,"minecraft:chest":1,"minecraft:white_bed":1,"minecraft:torch":8,"minecraft:shears":1}},"DataVersion":3465}